--Disease list
INSERT INTO disease (disease)
VALUES
  ('Conjunctivitis'),('Diarrhea'),('Allergies'),('Colds and Flu'),('Headache'),
  ('fever'),('Mononucleosis'),('Stomachaches');

--  Patient Data

INSERT INTO patients (desc,patient_name,patient_dob,patient_email,patient_gender,patient_mobile)
VALUES
  ('Diarrhea','Ainsley Glass','1999-05-05 03:20:04','libero@aol.net','male','+911481872621'),
  ('Headache','Imani Zamora','2000-02-22 07:50:02','sociis.natoque@protonmail.org','female','+917377093893'),
  ('Stomach-aches','Hayley Mcbride','1998-06-26 08:59:20','habitant@aol.org','trans','+911692823809'),
  ('fever','Damon Reese','1998-09-29 12:19:30','turpis@outlook.com','male','+916304781964'),
  ('Conjunctivitis','Amir Tran','2000-09-24 05:52:16','integer.id@outlook.net','female','+915124566571'),
  ('Mononucleosis','Yolanda Chase','1998-06-07 03:21:23','mollis@google.org','female','+913513370563'),
  ('Mononucleosis','Orlando Lawson','1999-07-28 02:41:01','arcu.et@outlook.couk','female','+915794336471'),
  ('Colds and Flu','Wendy Hunter','2000-07-22 06:17:59','quis@protonmail.com','female','+918162765699'),
  ('Stomach-aches','Wayne David','2000-10-02 01:58:55','et.euismod@hotmail.edu','trans','+913460681392'),
  ('fever','Ava Willis','1999-04-14 01:17:30','eu.elit.nulla@outlook.ca','male','+911983486406');
INSERT INTO patients (desc,patient_name,patient_dob,patient_email,patient_gender,patient_mobile)
VALUES
  ('Allergies','Vivien Walters','2000-09-17 08:11:33','interdum@yahoo.com','male','+914552558366'),
  ('Stomach-aches','Keelie Hamilton','2000-10-30 12:08:35','tristique.aliquet@google.ca','female','+912603512422'),
  ('fever','Tobias Glover','2000-11-05 07:57:05','placerat.orci@outlook.couk','trans','+916360258253'),
  ('fever','MacKensie Klein','1999-04-24 06:01:06','tellus@aol.net','trans','+911631842614'),
  ('Conjunctivitis','Ross Puckett','2000-03-05 01:48:47','metus.aliquam@protonmail.edu','trans','+918022586327'),
  ('Conjunctivitis','Genevieve Blackwell','2000-01-06 02:52:05','at@hotmail.couk','trans','+913664068127'),
  ('Stomach-aches','Rinah Lowe','2000-04-11 05:09:25','purus.in@icloud.couk','female','+911729245145'),
  ('Allergies','Kalia Shields','1999-04-08 12:50:27','eget@aol.org','female','+918334626824'),
  ('Conjunctivitis','Genevieve Pollard','1999-03-02 04:34:46','senectus.et@yahoo.edu','male','+915434597183'),
  ('Diarrhea','Xena Nolan','2000-08-02 09:11:08','vivamus.sit@outlook.couk','female','+917562421241');
INSERT INTO patients (desc,patient_name,patient_dob,patient_email,patient_gender,patient_mobile)
VALUES
  ('Colds and Flu','Stone Petersen','1998-11-02 05:51:51','donec.at.arcu@google.couk','male','+915463839655'),
  ('Mononucleosis','Harding Wilkerson','1998-02-12 12:41:41','convallis.est@outlook.net','male','+911784493478'),
  ('Mononucleosis','Kerry Jennings','1998-07-09 08:55:26','sagittis.augue@protonmail.net','trans','+911604348195'),
  ('Headache','Upton Tucker','1999-08-28 12:46:56','quis@aol.couk','male','+914788389362'),
  ('Stomach-aches','Leonard Schroeder','1999-06-21 12:45:17','magna.cras@yahoo.net','male','+912758361632'),
  ('Diarrhea','Keith Bishop','2000-07-27 04:11:12','lorem@aol.net','female','+916104256253'),
  ('Mononucleosis','Edan Martin','1999-01-31 02:27:27','lectus.ante@aol.edu','trans','+911861642216'),
  ('Allergies','Althea Higgins','2001-01-05 09:41:05','curae.donec.tincidunt@hotmail.edu','male','+911458240272'),
  ('Stomach-aches','Zeus Ramos','1998-12-02 05:46:32','turpis.nec@yahoo.couk','female','+913573483524'),
  ('Diarrhea','Dawn Frost','1998-12-27 10:59:35','sapien.nunc@aol.couk','male','+918473667797');
INSERT INTO patients (desc,patient_name,patient_dob,patient_email,patient_gender,patient_mobile)
VALUES
  ('fever','Karly Lucas','1999-09-21 10:40:56','eget@google.edu','female','+913404786981'),
  ('Stomach-aches','Sierra Booth','1999-04-05 01:31:21','aenean@yahoo.edu','trans','+918875199413'),
  ('Mononucleosis','Vera Thomas','2000-03-11 06:59:24','tellus.sem.mollis@icloud.couk','trans','+916285456471'),
  ('Colds and Flu','Thor Mclaughlin','2000-07-04 02:27:10','id.mollis@icloud.com','female','+910284004520'),
  ('Allergies','Thane Stuart','1999-02-04 01:28:20','diam.dictum@yahoo.com','male','+918846275535'),
  ('Conjunctivitis','Karyn Zimmerman','2000-10-01 07:52:14','ante@yahoo.ca','trans','+913767698233'),
  ('Colds and Flu','Kalia Snider','1999-11-26 09:31:38','nam.consequat.dolor@yahoo.net','female','+919943861377'),
  ('Conjunctivitis','Hanae Walton','2000-08-04 07:40:17','quam.elementum.at@hotmail.org','female','+913917882734'),
  ('Colds and Flu','Chandler Tate','1998-10-12 07:06:18','in.faucibus@yahoo.net','female','+912566368326'),
  ('Mononucleosis','Jameson Walker','2000-12-31 09:01:41','lectus@yahoo.com','male','+918594808587');
INSERT INTO patients (desc,patient_name,patient_dob,patient_email,patient_gender,patient_mobile)
VALUES
  ('Stomach-aches','Lane Williams','2000-01-27 10:45:35','ullamcorper.duis@yahoo.couk','trans','+911951822335'),
  ('Diarrhea','Caldwell Ross','1998-01-27 06:17:53','mauris.non@outlook.ca','male','+916343518694'),
  ('fever','Fletcher Santos','2000-07-03 04:50:04','eros.non@google.ca','female','+919621567746'),
  ('Allergies','Constance Weiss','2000-03-19 07:19:10','vitae.erat.vel@hotmail.net','trans','+914827030576'),
  ('Colds and Flu','Florence Kemp','1998-06-27 08:38:43','tortor.dictum.eu@icloud.edu','male','+915985136345'),
  ('fever','Kyla Graves','1999-09-03 07:57:36','ac.turpis@yahoo.org','female','+914517330211'),
  ('Stomach-aches','Lyle Mullen','2000-11-28 06:04:05','augue.scelerisque.mollis@icloud.org','female','+914366234215'),
  ('Colds and Flu','Adrienne Merritt','1999-10-22 12:03:27','vel.convallis@outlook.couk','male','+912879622434'),
  ('Colds and Flu','Sarah Cross','1999-06-16 09:42:06','maecenas@aol.edu','male','+911042866656'),
  ('fever','Ashely Santiago','2000-05-06 05:44:37','dui.fusce.aliquam@google.couk','male','+912436814628');
INSERT INTO patients (desc,patient_name,patient_dob,patient_email,patient_gender,patient_mobile)
VALUES
  ('Headache','Luke Soto','1998-05-26 11:29:17','erat.semper@protonmail.net','female','+912983254310'),
  ('Colds and Flu','Quon Rosa','1999-06-15 11:18:19','nascetur.ridiculus.mus@outlook.com','male','+914987397344'),
  ('Allergies','Perry Reynolds','2000-12-06 11:09:32','tristique.ac.eleifend@protonmail.com','trans','+914366055688'),
  ('Mononucleosis','Armand Bush','1999-11-28 05:25:47','rutrum.urna@yahoo.net','female','+917175374735'),
  ('Colds and Flu','Aladdin Hardin','1998-12-02 04:44:44','varius.et@hotmail.ca','female','+916267650923'),
  ('Allergies','Nadine Hampton','1998-06-27 05:04:17','non@aol.com','female','+918835810642'),
  ('Mononucleosis','Ursa Tanner','1999-12-15 04:14:25','sapien.imperdiet@protonmail.ca','female','+913516186518'),
  ('Mononucleosis','Arsenio Cross','1999-09-29 07:39:30','mi@yahoo.couk','female','+910725368661'),
  ('Diarrhea','Hu Baxter','1999-01-17 02:57:53','a@hotmail.org','male','+911085288240'),
  ('Mononucleosis','Marny Vasquez','2000-03-09 09:16:27','nunc.sit@icloud.ca','female','+913541531579');
INSERT INTO patients (desc,patient_name,patient_dob,patient_email,patient_gender,patient_mobile)
VALUES
  ('fever','Amela Hays','2000-10-28 05:42:02','pede@outlook.net','male','+917824413652'),
  ('Diarrhea','Debra Barrett','2000-11-23 12:25:40','eget.mollis@icloud.ca','male','+912381767583'),
  ('Conjunctivitis','Knox Ferguson','1998-08-02 09:47:53','per.conubia@icloud.edu','female','+919353427834'),
  ('Diarrhea','Laura Doyle','1999-09-27 02:44:39','nulla@protonmail.ca','male','+915725458011'),
  ('Headache','Demetria Ortiz','1999-04-21 04:29:41','libero@yahoo.couk','male','+913684468171'),
  ('Allergies','Gwendolyn Robles','1998-12-13 10:00:37','risus.donec@google.com','female','+912479673398'),
  ('Allergies','Hayfa Snyder','1998-12-27 11:03:22','tellus@outlook.couk','male','+911666842916'),
  ('Conjunctivitis','Branden Dixon','1998-07-21 10:46:08','risus@outlook.edu','male','+913790280867'),
  ('fever','Orli Boyd','1998-12-14 03:11:06','duis.ac.arcu@outlook.ca','trans','+918387897240'),
  ('Stomach-aches','Philip Norman','1998-10-18 06:40:48','amet.orci.ut@aol.com','trans','+916367867748');
INSERT INTO patients (desc,patient_name,patient_dob,patient_email,patient_gender,patient_mobile)
VALUES
  ('Colds and Flu','Amir Ford','1999-12-16 04:06:35','eu@protonmail.edu','male','+918481315615'),
  ('Conjunctivitis','Brent Blankenship','1998-03-07 10:48:56','ut.pellentesque@protonmail.org','male','+915913777503'),
  ('fever','Eliana Bowman','2000-02-11 11:17:16','tortor.at.risus@hotmail.com','female','+915141014017'),
  ('Colds and Flu','Tana Guy','1999-05-08 04:16:50','hendrerit@google.org','male','+912363120031'),
  ('Colds and Flu','Cally Smith','1999-01-24 02:40:48','facilisi@hotmail.ca','male','+917530588243'),
  ('fever','Jackson Burch','1998-03-01 12:02:18','lectus@outlook.ca','trans','+917160721477'),
  ('Allergies','Edan Griffin','1999-11-05 06:56:48','sagittis@yahoo.ca','male','+918164644228'),
  ('Conjunctivitis','Cynthia Soto','2000-02-11 08:56:32','tristique.ac@hotmail.edu','male','+912021177233'),
  ('Diarrhea','Galena Guzman','1998-02-27 05:33:18','lectus.nullam.suscipit@aol.org','trans','+912568923086'),
  ('Conjunctivitis','Reese Coleman','1998-01-24 07:29:06','quam.vel.sapien@hotmail.ca','male','+914607242859');
INSERT INTO patients (desc,patient_name,patient_dob,patient_email,patient_gender,patient_mobile)
VALUES
  ('Conjunctivitis','Irene Morse','1998-07-14 12:11:25','etiam.gravida.molestie@protonmail.net','male','+915136177528'),
  ('Headache','Ginger Pace','2000-11-12 08:47:04','faucibus.ut@protonmail.edu','female','+917847693865'),
  ('Allergies','Carlos Barron','1999-10-12 12:02:41','velit@icloud.couk','male','+917846823130'),
  ('Conjunctivitis','Ramona Haynes','1999-04-16 10:10:36','nulla.eget.metus@aol.net','male','+917144244341'),
  ('Allergies','Herrod Bartlett','1998-04-20 07:17:18','congue@icloud.edu','male','+917151573656'),
  ('Headache','Mercedes Rivas','1999-02-18 07:12:29','egestas.blandit.nam@yahoo.couk','trans','+916327872852'),
  ('Headache','Timon Mercado','1998-02-06 12:01:01','posuere.cubilia.curae@google.net','male','+918734781952'),
  ('Mononucleosis','Yoshi Dejesus','1998-06-28 06:03:15','id@icloud.ca','trans','+917613516201'),
  ('Mononucleosis','Giselle Whitley','1998-07-02 11:57:14','facilisis@google.edu','trans','+918847263898'),
  ('Diarrhea','Bevis Ferrell','1999-04-29 11:58:38','in.mi@protonmail.org','female','+914241465007');
INSERT INTO patients (desc,patient_name,patient_dob,patient_email,patient_gender,patient_mobile)
VALUES
  ('Stomach-aches','Oren Cantu','1999-11-09 08:03:50','urna.suscipit.nonummy@yahoo.ca','female','+912522567786'),
  ('Stomach-aches','Norman Garrison','2000-03-18 06:40:57','cras.eget@outlook.net','trans','+916787405992'),
  ('Stomach-aches','Charles Stout','1998-01-20 08:17:40','tincidunt@outlook.com','female','+917337827624'),
  ('fever','Peter Frost','2000-08-27 10:29:53','risus.donec@hotmail.ca','male','+916746737614'),
  ('Conjunctivitis','Alma Meadows','1999-09-29 07:47:18','vel.arcu@hotmail.couk','trans','+918965344128'),
  ('Colds and Flu','Nelle Nelson','1998-09-05 05:18:00','at.pretium@aol.org','male','+912016127747'),
  ('Allergies','Bradley Cochran','2000-07-22 02:19:55','suscipit.nonummy@icloud.org','male','+916591338617'),
  ('Conjunctivitis','Prescott Singleton','2000-01-11 06:20:39','mauris@protonmail.org','female','+910243951194'),
  ('Allergies','Claire Fletcher','2000-05-04 11:27:25','ac.libero.nec@outlook.net','trans','+914285779576'),
  ('Allergies','Bell Durham','1998-04-15 07:17:36','curabitur@outlook.couk','female','+917647392756');

--  Appointment dummy data
INSERT INTO appointment (patientid,disease,priority,creation_date)
VALUES
  (197,'olds and Flu','medium','2022-12-10 06:47:56'),
  (216,'Allergies','High','2023-05-31 07:12:08'),
  (251,'Stomach-aches','low','2022-05-06 04:28:32'),
  (297,'Diarrhea','low','2023-07-02 11:10:50'),
  (245,'Headache','medium','2023-06-29 10:35:53'),
  (240,'Allergies','medium','2023-04-12 12:21:09'),
  (7,'Headache','High','2022-01-09 06:49:25'),
  (173,'Diarrhea','medium','2023-03-26 07:33:40'),
  (266,'Mononucleosis','High','2023-08-28 05:12:27'),
  (28,'Allergies','medium','2022-12-06 06:40:26');
INSERT INTO appointment (patientid,disease,priority,creation_date)
VALUES
  (278,'Headache','low','2021-11-04 11:29:08'),
  (177,'Stomach-aches','medium','2022-08-15 12:54:04'),
  (84,'Allergies','medium','2022-10-20 07:31:25'),
  (251,'Diarrhea','medium','2022-12-16 12:50:09'),
  (244,'Stomach-aches','High','2023-02-12 05:17:31'),
  (61,'Stomach-aches','low','2022-07-04 05:58:31'),
  (143,'fever','medium','2023-08-30 07:22:52'),
  (31,'fever','low','2022-10-06 02:58:44'),
  (216,'fever','low','2022-12-08 11:46:43'),
  (136,'Allergies','low','2023-03-05 04:50:23');
INSERT INTO appointment (patientid,disease,priority,creation_date)
VALUES
  (110,'Diarrhea','low','2022-05-27 09:00:10'),
  (145,'Diarrhea','medium','2022-07-31 03:15:49'),
  (86,'Headache','High','2022-11-06 10:51:07'),
  (188,'Headache','low','2021-12-12 04:47:54'),
  (22,'Stomach-aches','low','2022-06-11 06:54:16'),
  (286,'Conjunctivitis','medium','2023-03-02 06:49:51'),
  (172,'fever','High','2022-08-13 03:06:33'),
  (76,'Mononucleosis','medium','2023-07-10 02:13:16'),
  (125,'Allergies','High','2023-03-11 03:21:27'),
  (258,'Headache','High','2023-06-15 07:17:34');
INSERT INTO appointment (patientid,disease,priority,creation_date)
VALUES
  (6,'Allergies','High','2022-03-05 05:09:33'),
  (116,'Headache','low','2022-05-14 04:49:33'),
  (172,'Diarrhea','High','2022-04-03 04:35:28'),
  (224,'Headache','High','2023-08-31 01:59:02'),
  (174,'Conjunctivitis','medium','2021-12-01 01:06:53'),
  (286,'Diarrhea','medium','2022-06-08 12:14:39'),
  (52,'Mononucleosis','low','2023-05-23 03:52:09'),
  (163,'Mononucleosis','low','2023-03-22 09:48:24'),
  (131,'olds and Flu','medium','2022-09-04 12:32:46'),
  (166,'Headache','low','2022-12-14 10:51:48');
INSERT INTO appointment (patientid,disease,priority,creation_date)
VALUES
  (146,'Conjunctivitis','High','2023-07-16 11:40:28'),
  (119,'Conjunctivitis','medium','2022-02-27 11:14:36'),
  (19,'Stomach-aches','low','2023-04-01 05:39:14'),
  (166,'Stomach-aches','High','2023-09-23 05:25:15'),
  (237,'Headache','High','2021-11-07 04:07:25'),
  (23,'olds and Flu','High','2023-09-04 02:40:23'),
  (234,'Mononucleosis','low','2023-03-14 05:09:12'),
  (37,'fever','medium','2021-12-11 03:22:43'),
  (165,'Stomach-aches','High','2023-02-16 02:03:05'),
  (182,'Mononucleosis','low','2021-12-30 03:50:34');
INSERT INTO appointment (patientid,disease,priority,creation_date)
VALUES
  (283,'fever','medium','2022-04-17 12:39:44'),
  (289,'Diarrhea','medium','2023-10-11 08:41:27'),
  (268,'fever','low','2021-12-13 05:03:14'),
  (61,'Mononucleosis','medium','2022-06-26 11:06:51'),
  (97,'Conjunctivitis','low','2022-04-24 11:08:37'),
  (207,'Mononucleosis','medium','2023-08-31 09:36:05'),
  (16,'olds and Flu','High','2022-04-20 09:41:28'),
  (56,'Headache','High','2023-08-23 02:01:40'),
  (140,'olds and Flu','medium','2023-10-11 12:41:35'),
  (79,'Headache','low','2022-02-28 03:35:23');
INSERT INTO appointment (patientid,disease,priority,creation_date)
VALUES
  (10,'Headache','low','2022-07-22 07:09:19'),
  (174,'Mononucleosis','High','2023-05-24 08:28:55'),
  (290,'fever','High','2023-07-12 07:44:03'),
  (226,'Mononucleosis','medium','2022-08-07 03:23:51'),
  (260,'Conjunctivitis','low','2022-01-31 07:53:01'),
  (35,'Allergies','low','2023-09-30 10:20:50'),
  (278,'Headache','High','2022-08-10 07:41:57'),
  (248,'Diarrhea','medium','2022-03-01 02:45:10'),
  (33,'Mononucleosis','medium','2022-04-29 07:55:14'),
  (286,'Conjunctivitis','low','2021-11-30 12:51:05');
INSERT INTO appointment (patientid,disease,priority,creation_date)
VALUES
  (201,'Stomach-aches','low','2022-04-05 09:47:39'),
  (167,'Stomach-aches','medium','2022-08-29 12:28:38'),
  (92,'Allergies','low','2023-10-24 03:22:39'),
  (260,'Mononucleosis','low','2022-01-02 04:24:02'),
  (58,'Mononucleosis','low','2022-05-12 11:51:35'),
  (2,'Headache','low','2021-12-13 11:30:31'),
  (65,'Headache','medium','2022-10-18 09:29:32'),
  (40,'Allergies','low','2023-05-27 12:30:53'),
  (8,'Stomach-aches','medium','2022-02-16 01:13:34'),
  (153,'Headache','High','2023-08-17 02:03:02');
INSERT INTO appointment (patientid,disease,priority,creation_date)
VALUES
  (13,'Diarrhea','High','2021-11-16 06:36:02'),
  (42,'Conjunctivitis','medium','2021-12-21 04:05:47'),
  (61,'Diarrhea','medium','2023-09-03 09:30:37'),
  (272,'Conjunctivitis','medium','2022-06-27 04:38:10'),
  (55,'olds and Flu','High','2022-12-14 01:22:19'),
  (103,'olds and Flu','low','2022-12-28 06:59:55'),
  (5,'Stomach-aches','High','2023-05-21 03:15:52'),
  (163,'olds and Flu','low','2021-12-31 10:21:42'),
  (9,'Headache','medium','2022-11-09 10:39:48'),
  (299,'Stomach-aches','low','2022-08-29 01:27:14');
INSERT INTO appointment (patientid,disease,priority,creation_date)
VALUES
  (157,'Allergies','medium','2023-03-29 07:08:48'),
  (68,'Headache','medium','2022-02-23 12:44:47'),
  (10,'olds and Flu','medium','2021-12-23 12:57:32'),
  (2,'Conjunctivitis','medium','2022-11-21 07:25:25'),
  (117,'Mononucleosis','High','2023-04-19 06:10:45'),
  (160,'fever','low','2023-09-01 01:45:45'),
  (254,'fever','High','2022-09-09 10:53:21'),
  (188,'fever','medium','2021-11-11 04:23:49'),
  (101,'Headache','medium','2023-03-05 11:13:19'),
  (37,'fever','low','2023-04-07 01:12:52');
