--Disease list
INSERT INTO disease (disease)
VALUES
  ('Conjunctivitis'),('Diarrhea'),('Allergies'),('Colds and Flu'),('Headache'),
  ('fever'),('Mononucleosis'),('Stomachaches');

--  Patient Data

INSERT INTO patients (patient_name,patient_dob,patient_email,patient_gender,patient_mobile)
VALUES
  ('Wyatt Benson','1999-05-08 08:54:17','montes.nascetur@hotmail.couk','trans','+910146666165'),
  ('Jayme Powers','2000-12-16 12:24:49','eu.nulla.at@protonmail.com','male','+918004334152'),
  ('Barrett Cook','1998-05-22 10:53:30','malesuada@yahoo.org','trans','+913745547895'),
  ('Elliott Saunders','1999-06-06 12:15:30','facilisis@icloud.edu','male','+917204981200'),
  ('Melvin Sims','1999-11-13 05:33:00','vehicula.pellentesque@protonmail.org','trans','+911468681454'),
  ('Aretha Watkins','1999-10-07 05:43:36','nisi.nibh.lacinia@aol.edu','female','+917504741246'),
  ('Jonah Warren','1998-03-09 07:10:29','erat.nonummy@outlook.edu','female','+917510877120'),
  ('Raven Pierce','2000-08-14 02:30:16','sit@icloud.couk','male','+914754740735'),
  ('Lacy Lynn','1999-11-01 10:28:17','sem.ut@aol.edu','trans','+914413443784'),
  ('Ezekiel Horton','1998-05-18 11:18:43','ligula.donec@outlook.net','female','+917742317755');
INSERT INTO patients (patient_name,patient_dob,patient_email,patient_gender,patient_mobile)
VALUES
  ('Dai Thomas','1998-10-23 02:46:50','sagittis.felis.donec@hotmail.com','female','+912689796768'),
  ('Jolene Wyatt','1998-07-17 03:57:58','lacus.etiam.bibendum@aol.ca','trans','+912011243665'),
  ('Giselle Conrad','1998-05-26 06:23:26','augue@icloud.net','female','+919435717741'),
  ('Penelope Holloway','1999-04-13 05:28:49','mauris.vestibulum@aol.org','trans','+913866888958'),
  ('Phelan Mcfadden','2001-01-12 12:10:13','non@icloud.com','female','+913846721415'),
  ('Stacey Ellis','1998-03-13 02:01:50','pede.nec.ante@yahoo.ca','trans','+912777484831'),
  ('Quintessa Frazier','2000-03-19 06:22:43','aliquam.gravida@aol.org','trans','+911138035719'),
  ('Blake Knight','1998-08-04 10:29:01','vestibulum.ante@protonmail.net','female','+916028190264'),
  ('Idona Davis','1998-03-23 12:04:37','lacus@icloud.org','male','+919828178426'),
  ('Quynn Zimmerman','1998-02-05 10:48:09','fringilla@google.org','female','+913664883544');
INSERT INTO patients (patient_name,patient_dob,patient_email,patient_gender,patient_mobile)
VALUES
  ('Alfonso Gallagher','1999-10-09 02:05:39','arcu.nunc@yahoo.org','male','+917091562630'),
  ('Mariko Carney','1999-12-18 03:13:16','ut.odio@aol.couk','male','+915858617663'),
  ('Amena Buckley','2000-09-02 03:51:01','a.malesuada.id@icloud.net','male','+918161454836'),
  ('Bradley Goff','2000-10-06 01:19:54','et.magnis@outlook.ca','male','+918710671838'),
  ('Sybill Mendoza','1999-04-24 08:24:33','aptent@yahoo.ca','male','+916654522529'),
  ('Eve Oneal','1998-08-13 06:46:07','elit.pellentesque.a@outlook.net','female','+917142483623'),
  ('Cameran Lopez','2001-01-06 04:09:16','nunc.sit@aol.ca','female','+915380636184'),
  ('Latifah Greene','1998-06-22 12:05:28','nibh.vulputate@outlook.com','female','+916860941171'),
  ('Colt Howell','2000-01-15 12:58:36','sed.dui.fusce@icloud.org','trans','+914483692855'),
  ('Unity Parrish','2000-04-30 07:03:01','duis.a@icloud.com','male','+916608550511');
INSERT INTO patients (patient_name,patient_dob,patient_email,patient_gender,patient_mobile)
VALUES
  ('Cullen Quinn','1999-09-16 06:36:14','enim.non@google.couk','female','+918115719423'),
  ('Charlotte Lambert','1999-01-23 11:13:13','mi.felis@aol.com','male','+911692764561'),
  ('Fritz Deleon','1999-01-22 08:08:15','tempus.eu@icloud.couk','male','+918800520020'),
  ('Desiree Spencer','2000-04-23 12:05:12','mollis@google.couk','female','+913782808348'),
  ('Xandra Pratt','2000-07-22 01:12:44','mattis.integer@icloud.net','male','+917950653355'),
  ('Winifred Bird','1998-04-02 12:26:09','mauris.vestibulum.neque@hotmail.org','female','+918933587417'),
  ('Melvin Mcgowan','2000-09-29 08:29:39','non@aol.com','female','+914674277803'),
  ('Carl Mcfadden','1999-08-10 06:56:46','placerat@yahoo.org','female','+913739906664'),
  ('Bert Washington','1999-03-24 07:16:14','a.odio@outlook.edu','trans','+916949553411'),
  ('Callum Watts','1998-03-11 02:18:28','enim@outlook.couk','male','+913556319663');
INSERT INTO patients (patient_name,patient_dob,patient_email,patient_gender,patient_mobile)
VALUES
  ('Ronan Morales','2000-07-28 09:44:25','scelerisque.scelerisque@icloud.edu','trans','+913615150347'),
  ('Colton Sheppard','2000-03-09 02:16:32','pellentesque.tincidunt@hotmail.ca','female','+912492867553'),
  ('Quemby Pollard','1998-09-28 12:55:28','eget.nisi.dictum@outlook.ca','trans','+914214699735'),
  ('Kylynn Elliott','1998-04-22 02:48:59','tincidunt@aol.edu','trans','+917208176542'),
  ('Adrian Vargas','2000-02-26 08:03:47','hendrerit.neque@protonmail.org','male','+914234563701'),
  ('Ishmael Franklin','1999-03-06 06:38:02','ac@aol.couk','trans','+913627395155'),
  ('Brennan Parsons','1999-07-03 09:15:02','posuere.at.velit@aol.edu','male','+911688323351'),
  ('Kay Lambert','1999-04-30 10:34:31','nascetur.ridiculus@hotmail.com','female','+917328365407'),
  ('Vielka English','1998-02-27 08:21:30','sed@hotmail.com','female','+916298462209'),
  ('Meredith Aguilar','1998-01-28 11:02:14','non.nisi.aenean@outlook.com','male','+916726556724');
INSERT INTO patients (patient_name,patient_dob,patient_email,patient_gender,patient_mobile)
VALUES
  ('Elton Britt','1998-07-17 02:04:29','aliquet.lobortis.nisi@hotmail.couk','female','+915272268862'),
  ('Kenneth England','1998-04-02 09:45:58','fringilla@hotmail.org','trans','+918746304480'),
  ('Ciara Sears','1999-05-10 06:49:26','nulla.facilisi@yahoo.com','female','+917461223486'),
  ('Maile Estrada','2000-03-18 10:56:52','in@hotmail.net','female','+918678662261'),
  ('Geraldine Owens','2000-05-14 05:08:06','ac.tellus.suspendisse@outlook.edu','male','+912666856814'),
  ('August Fuller','1998-07-19 01:03:05','lectus@outlook.edu','trans','+919603530434'),
  ('Vladimir Donaldson','1999-12-15 09:10:54','dictum.proin@yahoo.couk','trans','+917056126684'),
  ('Alexander Clarke','1999-08-08 07:16:10','phasellus.fermentum@yahoo.couk','female','+913243771338'),
  ('Cynthia Dixon','1999-07-24 09:53:56','fusce.fermentum@hotmail.net','male','+911728067651'),
  ('Zahir Doyle','2000-05-29 12:07:42','facilisis@outlook.couk','male','+918339246123');
INSERT INTO patients (patient_name,patient_dob,patient_email,patient_gender,patient_mobile)
VALUES
  ('Noel Craft','2001-01-07 05:32:10','varius.ultrices.mauris@aol.net','trans','+914554851645'),
  ('Ross Acosta','2000-10-23 08:07:52','nec.urna@hotmail.couk','female','+913941031703'),
  ('Yolanda Cervantes','2000-08-30 12:16:10','mauris.blandit.mattis@outlook.couk','female','+917459832822'),
  ('Mariam Trevino','2000-12-12 09:08:59','mauris.sit.amet@icloud.net','trans','+911568647464'),
  ('Marsden Ware','2001-01-06 03:57:05','nam.ac@aol.net','female','+916248689660'),
  ('Pandora Whitaker','2000-12-27 04:45:55','ipsum.curabitur@hotmail.com','trans','+911447566358'),
  ('Kelsie Dillard','2000-07-27 11:48:35','donec.egestas@protonmail.edu','male','+916626951863'),
  ('Caesar Travis','1998-07-14 11:51:01','montes.nascetur@google.ca','female','+914689955910'),
  ('Amethyst Gibson','1999-01-03 09:18:50','donec@aol.couk','female','+914751741813'),
  ('Jelani Barnes','1999-06-23 02:42:25','duis@hotmail.couk','female','+911171788699');
INSERT INTO patients (patient_name,patient_dob,patient_email,patient_gender,patient_mobile)
VALUES
  ('Virginia Howe','1999-12-07 09:19:37','cursus.vestibulum.mauris@aol.couk','female','+916527177255'),
  ('Cheryl Harrison','2000-07-02 12:11:01','egestas@aol.couk','male','+916216620411'),
  ('Kevin Whitney','2000-07-22 04:41:57','a.auctor.non@yahoo.com','male','+918598547586'),
  ('Eugenia Osborn','2000-06-26 09:15:57','pellentesque@hotmail.ca','trans','+910236310627'),
  ('Yolanda Bird','2000-08-25 05:11:36','sociosqu.ad@aol.couk','female','+914998850768'),
  ('Jade Miles','2000-09-11 05:21:17','placerat.cras@protonmail.net','male','+916313871589'),
  ('Avram Berry','2000-10-14 03:03:40','velit.cras@outlook.com','female','+911697976053'),
  ('Wallace Morris','2000-03-04 09:04:19','dolor.sit.amet@protonmail.couk','trans','+918344206787'),
  ('August Burton','1998-05-21 05:54:35','ac@google.com','trans','+912329773517'),
  ('Gabriel Wiggins','1998-02-14 11:34:26','integer@hotmail.ca','male','+914834530957');
INSERT INTO patients (patient_name,patient_dob,patient_email,patient_gender,patient_mobile)
VALUES
  ('Samson Phelps','1998-07-07 10:29:25','tellus.sem.mollis@protonmail.org','male','+915648719318'),
  ('Frances Fields','1998-02-21 06:03:01','mauris.ut.mi@icloud.couk','male','+918012728768'),
  ('Channing Rivera','1999-12-25 10:28:05','nonummy@aol.org','male','+918276344671'),
  ('Chaney Nieves','1998-02-10 03:46:58','non.lobortis.quis@protonmail.ca','male','+912857266168'),
  ('Kirestin Osborn','2000-11-06 01:42:35','aliquam.enim@google.edu','female','+919220221768'),
  ('Burton Witt','1998-10-15 07:31:33','consectetuer.rhoncus.nullam@hotmail.ca','male','+914304913857'),
  ('Dahlia Fowler','1999-04-07 03:45:20','cursus@outlook.com','female','+916773991631'),
  ('Remedios Luna','2000-07-05 05:38:55','sed@hotmail.ca','trans','+918552813296'),
  ('Aphrodite Randall','2000-02-12 02:30:58','elit.elit@icloud.edu','trans','+919552247174'),
  ('Fiona Bean','1998-11-17 05:21:40','luctus@icloud.couk','male','+914760436362');
INSERT INTO patients (patient_name,patient_dob,patient_email,patient_gender,patient_mobile)
VALUES
  ('Carolyn Wilkerson','1999-09-04 08:00:20','nullam.enim@google.com','male','+918751648183'),
  ('Jarrod Petersen','1999-12-04 10:49:45','vestibulum.ante@google.edu','male','+910374234715'),
  ('Steven Rodriguez','1998-12-06 09:35:32','phasellus.fermentum@yahoo.com','trans','+914198663163'),
  ('Belle Preston','1999-01-08 05:01:29','in.molestie.tortor@hotmail.com','male','+918554285731'),
  ('Victor Lancaster','2000-02-02 01:13:01','eu.euismod.ac@hotmail.ca','trans','+915348269874'),
  ('Ella Baxter','2000-11-21 12:47:21','dignissim.maecenas.ornare@hotmail.couk','male','+914858397237'),
  ('Iliana Woodward','1998-04-06 02:13:03','orci.luctus@icloud.net','female','+912118667260'),
  ('Angelica Gomez','1998-05-17 11:20:36','dui.nec@outlook.net','female','+916574845245'),
  ('Yolanda Moran','2000-03-20 08:32:34','sagittis.placerat@hotmail.couk','female','+916156735014'),
  ('Laura Elliott','2000-06-15 02:41:09','ut.erat@hotmail.couk','male','+915656365168');

--  Appointment dummy data
INSERT INTO appointment (patientid,disease,priority,creation_date)
VALUES
  (197,'olds and Flu','medium','2022-12-10 06:47:56'),
  (216,'Allergies','High','2023-05-31 07:12:08'),
  (251,'Stomach-aches','low','2022-05-06 04:28:32'),
  (297,'Diarrhea','low','2023-07-02 11:10:50'),
  (245,'Headache','medium','2023-06-29 10:35:53'),
  (240,'Allergies','medium','2023-04-12 12:21:09'),
  (7,'Headache','High','2022-01-09 06:49:25'),
  (173,'Diarrhea','medium','2023-03-26 07:33:40'),
  (266,'Mononucleosis','High','2023-08-28 05:12:27'),
  (28,'Allergies','medium','2022-12-06 06:40:26');
INSERT INTO appointment (patientid,disease,priority,creation_date)
VALUES
  (278,'Headache','low','2021-11-04 11:29:08'),
  (177,'Stomach-aches','medium','2022-08-15 12:54:04'),
  (84,'Allergies','medium','2022-10-20 07:31:25'),
  (251,'Diarrhea','medium','2022-12-16 12:50:09'),
  (244,'Stomach-aches','High','2023-02-12 05:17:31'),
  (61,'Stomach-aches','low','2022-07-04 05:58:31'),
  (143,'fever','medium','2023-08-30 07:22:52'),
  (31,'fever','low','2022-10-06 02:58:44'),
  (216,'fever','low','2022-12-08 11:46:43'),
  (136,'Allergies','low','2023-03-05 04:50:23');
INSERT INTO appointment (patientid,disease,priority,creation_date)
VALUES
  (110,'Diarrhea','low','2022-05-27 09:00:10'),
  (145,'Diarrhea','medium','2022-07-31 03:15:49'),
  (86,'Headache','High','2022-11-06 10:51:07'),
  (188,'Headache','low','2021-12-12 04:47:54'),
  (22,'Stomach-aches','low','2022-06-11 06:54:16'),
  (286,'Conjunctivitis','medium','2023-03-02 06:49:51'),
  (172,'fever','High','2022-08-13 03:06:33'),
  (76,'Mononucleosis','medium','2023-07-10 02:13:16'),
  (125,'Allergies','High','2023-03-11 03:21:27'),
  (258,'Headache','High','2023-06-15 07:17:34');
INSERT INTO appointment (patientid,disease,priority,creation_date)
VALUES
  (6,'Allergies','High','2022-03-05 05:09:33'),
  (116,'Headache','low','2022-05-14 04:49:33'),
  (172,'Diarrhea','High','2022-04-03 04:35:28'),
  (224,'Headache','High','2023-08-31 01:59:02'),
  (174,'Conjunctivitis','medium','2021-12-01 01:06:53'),
  (286,'Diarrhea','medium','2022-06-08 12:14:39'),
  (52,'Mononucleosis','low','2023-05-23 03:52:09'),
  (163,'Mononucleosis','low','2023-03-22 09:48:24'),
  (131,'olds and Flu','medium','2022-09-04 12:32:46'),
  (166,'Headache','low','2022-12-14 10:51:48');
INSERT INTO appointment (patientid,disease,priority,creation_date)
VALUES
  (146,'Conjunctivitis','High','2023-07-16 11:40:28'),
  (119,'Conjunctivitis','medium','2022-02-27 11:14:36'),
  (19,'Stomach-aches','low','2023-04-01 05:39:14'),
  (166,'Stomach-aches','High','2023-09-23 05:25:15'),
  (237,'Headache','High','2021-11-07 04:07:25'),
  (23,'olds and Flu','High','2023-09-04 02:40:23'),
  (234,'Mononucleosis','low','2023-03-14 05:09:12'),
  (37,'fever','medium','2021-12-11 03:22:43'),
  (165,'Stomach-aches','High','2023-02-16 02:03:05'),
  (182,'Mononucleosis','low','2021-12-30 03:50:34');
INSERT INTO appointment (patientid,disease,priority,creation_date)
VALUES
  (283,'fever','medium','2022-04-17 12:39:44'),
  (289,'Diarrhea','medium','2023-10-11 08:41:27'),
  (268,'fever','low','2021-12-13 05:03:14'),
  (61,'Mononucleosis','medium','2022-06-26 11:06:51'),
  (97,'Conjunctivitis','low','2022-04-24 11:08:37'),
  (207,'Mononucleosis','medium','2023-08-31 09:36:05'),
  (16,'olds and Flu','High','2022-04-20 09:41:28'),
  (56,'Headache','High','2023-08-23 02:01:40'),
  (140,'olds and Flu','medium','2023-10-11 12:41:35'),
  (79,'Headache','low','2022-02-28 03:35:23');
INSERT INTO appointment (patientid,disease,priority,creation_date)
VALUES
  (10,'Headache','low','2022-07-22 07:09:19'),
  (174,'Mononucleosis','High','2023-05-24 08:28:55'),
  (290,'fever','High','2023-07-12 07:44:03'),
  (226,'Mononucleosis','medium','2022-08-07 03:23:51'),
  (260,'Conjunctivitis','low','2022-01-31 07:53:01'),
  (35,'Allergies','low','2023-09-30 10:20:50'),
  (278,'Headache','High','2022-08-10 07:41:57'),
  (248,'Diarrhea','medium','2022-03-01 02:45:10'),
  (33,'Mononucleosis','medium','2022-04-29 07:55:14'),
  (286,'Conjunctivitis','low','2021-11-30 12:51:05');
INSERT INTO appointment (patientid,disease,priority,creation_date)
VALUES
  (201,'Stomach-aches','low','2022-04-05 09:47:39'),
  (167,'Stomach-aches','medium','2022-08-29 12:28:38'),
  (92,'Allergies','low','2023-10-24 03:22:39'),
  (260,'Mononucleosis','low','2022-01-02 04:24:02'),
  (58,'Mononucleosis','low','2022-05-12 11:51:35'),
  (2,'Headache','low','2021-12-13 11:30:31'),
  (65,'Headache','medium','2022-10-18 09:29:32'),
  (40,'Allergies','low','2023-05-27 12:30:53'),
  (8,'Stomach-aches','medium','2022-02-16 01:13:34'),
  (153,'Headache','High','2023-08-17 02:03:02');
INSERT INTO appointment (patientid,disease,priority,creation_date)
VALUES
  (13,'Diarrhea','High','2021-11-16 06:36:02'),
  (42,'Conjunctivitis','medium','2021-12-21 04:05:47'),
  (61,'Diarrhea','medium','2023-09-03 09:30:37'),
  (272,'Conjunctivitis','medium','2022-06-27 04:38:10'),
  (55,'olds and Flu','High','2022-12-14 01:22:19'),
  (103,'olds and Flu','low','2022-12-28 06:59:55'),
  (5,'Stomach-aches','High','2023-05-21 03:15:52'),
  (163,'olds and Flu','low','2021-12-31 10:21:42'),
  (9,'Headache','medium','2022-11-09 10:39:48'),
  (299,'Stomach-aches','low','2022-08-29 01:27:14');
INSERT INTO appointment (patientid,disease,priority,creation_date)
VALUES
  (157,'Allergies','medium','2023-03-29 07:08:48'),
  (68,'Headache','medium','2022-02-23 12:44:47'),
  (10,'olds and Flu','medium','2021-12-23 12:57:32'),
  (2,'Conjunctivitis','medium','2022-11-21 07:25:25'),
  (117,'Mononucleosis','High','2023-04-19 06:10:45'),
  (160,'fever','low','2023-09-01 01:45:45'),
  (254,'fever','High','2022-09-09 10:53:21'),
  (188,'fever','medium','2021-11-11 04:23:49'),
  (101,'Headache','medium','2023-03-05 11:13:19'),
  (37,'fever','low','2023-04-07 01:12:52');
